id,sku,name,category,description,zone,section,position,inventoriable,stock_on_hand,stock_on_order,total_purchased,tracking_unit,purchase_unit,purchase_to_tracking_conversion,stock_status,state,unit_cost,actual_unit_cost,low_stock_limit,currency,starting_quantity,starting_unit_price,preferred_vendor,last_stocktake,Created At,Updated At
21558249,297,Oat Milk,,"","","","",yes,5000.0,0.0,0.0,g,kg,1000.0,In Stock,active,0.0,0.0,0.0,GBP,5000.0,0.0,"","",2026-07-17 14:30:49 +0100,2026-08-12 11:47:13 +0100
21557880,055,Salt,,"","","","",yes,4098.57941,0.0,0.0,g,kg,1000.0,In Stock,active,0.00044,0.00044,0.0,GBP,10000.0,0.00044,"","",2026-07-17 14:30:46 +0100,2026-07-20 15:32:52 +0100
21557904,062,Sunflower Oil,,"","","","",yes,82858.8917,0.0,69000.0,g,kg,1000.0,In Stock,active,0.00152,0.00152,0.0,GBP,67500.0,0.00152,"","",2026-07-17 14:30:46 +0100,2026-07-20 16:14:32 +0100
21558336,332,Carrot (Fresh),,"","","","",yes,-16424.0,0.0,60000.0,g,kg,1000.0,Out of Stock,active,0.0016,0.0016,0.0,GBP,0.0,0.0,"","",2026-07-17 14:30:50 +0100,2026-08-12 10:34:40 +0100
21558342,333a,Rice Vinegar,,"","","","",yes,18756.0,0.0,0.0,g,kg,1010.0,In Stock,active,0.0,0.0,0.0,GBP,20000.0,0.0,"","",2026-07-17 14:30:50 +0100,2026-07-17 14:30:50 +0100
21557895,060,Sugar,,"","","","",yes,11516.45156,0.0,50000.0,g,kg,1000.0,In Stock,active,0.0006,0.0006,0.0,GBP,20000.0,0.00064,S.Hukins,"",2026-07-17 14:30:46 +0100,2026-08-11 12:15:00 +0100
21562833,999,Water,,"","","","",yes,879609.79252,0.0,0.0,g,item,1.0,In Stock,active,0.0,0.0,0.0,GBP,999999.0,0.0,"","",2026-07-20 14:01:24 +0100,2026-07-20 14:01:24 +0100
21557985,107a,Ginger (Fresh),,"","","","",yes,-1036.0,0.0,0.0,g,kg,1000.0,Out of Stock,active,0.0,0.0,0.0,GBP,0.0,0.0,"","",2026-07-17 14:30:47 +0100,2026-07-17 14:30:47 +0100
21558228,279,Sesame Oil (Toasted),,"","","","",yes,-802.0,0.0,0.0,g,kg,1000.0,Out of Stock,active,0.0,0.0,0.0,GBP,0.0,0.0,"","",2026-07-17 14:30:49 +0100,2026-07-17 14:30:49 +0100
21557949,093,Lemon (Fresh),,"","","","",yes,-1892.0,0.0,0.0,g,kg,1000.0,Out of Stock,active,0.0,0.0,0.0,GBP,0.0,0.0,"","",2026-07-17 14:30:46 +0100,2026-07-17 14:30:46 +0100
21558138,242a,Salt Flakes (Maldon),,"","","","",yes,-187.0,0.0,0.0,g,kg,1000.0,Out of Stock,active,0.0,0.0,0.0,GBP,0.0,0.0,"","",2026-07-17 14:30:48 +0100,2026-07-17 14:30:48 +0100
21558663,646,Moolie Daikon Radish,,"","","","",yes,-5440.0,0.0,0.0,g,kg,1000.0,Out of Stock,active,0.0,0.0,0.0,GBP,0.0,0.0,"","",2026-07-17 14:30:53 +0100,2026-07-17 14:30:53 +0100
21623841,093a,Lemon Zest,,"","","","",no,,,,,,,,active,0.0,0.0,0.0,GBP,0.0,0.0,"","",2026-08-12 10:22:49 +0100,2026-08-12 10:22:49 +0100
21558321,324,Chili Powder,,"","","","",yes,1743.0,0.0,0.0,g,kg,1000.0,In Stock,active,0.0,0.0,0.0,GBP,1900.0,0.0,"","",2026-07-17 14:30:50 +0100,2026-07-17 14:30:50 +0100
21557745,014,Coriander (Ground),,"","","","",yes,-583.0,0.0,0.0,g,kg,1000.0,Out of Stock,active,0.0,0.0,0.0,GBP,0.0,0.0,"","",2026-07-17 14:30:45 +0100,2026-07-17 14:30:45 +0100
21557841,044,Onion Powder,,"","","","",yes,8732.2,0.0,0.0,g,kg,1000.0,In Stock,active,0.0,0.0,0.0,GBP,9000.0,0.0,"","",2026-07-17 14:30:45 +0100,2026-07-17 14:30:45 +0100
21558354,336,Sesame Seeds,,"","","","",yes,3777.0,0.0,0.0,g,kg,1000.0,In Stock,active,0.0,0.0,0.0,GBP,5500.0,0.0,"","",2026-07-17 14:30:50 +0100,2026-07-17 14:30:50 +0100
21558234,281,Garlic (Fresh),,"","","","",yes,-1739.0,0.0,0.0,g,kg,1000.0,Out of Stock,active,0.0,0.0,0.0,GBP,0.0,0.0,"","",2026-07-17 14:30:49 +0100,2026-07-17 14:30:49 +0100
21557754,018,Garlic Powder,,"","","","",yes,12112.0,0.0,0.0,g,kg,1000.0,In Stock,active,0.0,0.0,0.0,GBP,12500.0,0.0,"","",2026-07-17 14:30:45 +0100,2026-07-17 14:30:45 +0100
21557844,045,Paprika (Ground),,"","","","",yes,-623.0,0.0,0.0,g,kg,1000.0,Out of Stock,active,0.0,0.0,0.0,GBP,0.0,0.0,"","",2026-07-17 14:30:45 +0100,2026-07-17 14:30:45 +0100
21557910,064,Turmeric,,"","","","",yes,3622.6,0.0,0.0,g,kg,1000.0,In Stock,active,0.0,0.0,0.0,GBP,4000.0,0.0,"","",2026-07-17 14:30:46 +0100,2026-07-17 14:30:46 +0100
21558627,631,"Salt (Rock, Coarse) K3.2-1.5",,"","","","",yes,20295.0,0.0,0.0,g,kg,1000.0,In Stock,active,0.0,0.0,0.0,GBP,25000.0,0.0,"","",2026-07-17 14:30:52 +0100,2026-07-17 14:30:52 +0100
21558345,333b,Apple Vinegar,,"","","","",yes,-3891.0,0.0,0.0,g,kg,1000.0,Out of Stock,active,0.0,0.0,0.0,GBP,10500.0,0.0,"","",2026-07-17 14:30:50 +0100,2026-07-17 14:30:50 +0100
21558327,327,rPet Deli Container 16oz,,"","","","",yes,0.0,0.0,0.0,item,item,1.0,Out of Stock,active,0.0,0.0,0.0,GBP,0.0,0.0,"","",2026-07-17 14:30:50 +0100,2026-08-12 13:33:18 +0100
21558504,530,rPet Lid,,"","","","",yes,0.0,0.0,0.0,item,item,1.0,Out of Stock,active,0.0,0.0,0.0,GBP,0.0,0.0,"","",2026-07-17 14:30:51 +0100,2026-08-12 13:32:44 +0100
21558462,399,Erythritol,,"","","","",yes,36914.0,0.0,0.0,g,kg,1000.0,In Stock,active,0.00275,0.00275,0.0,GBP,48000.0,0.00275,"","",2026-07-17 14:30:51 +0100,2026-08-12 10:14:44 +0100
21558243,294,Pumpkin Seed,,"","","","",yes,0.0,0.0,0.0,g,kg,1000.0,Out of Stock,active,0.0,0.0,0.0,GBP,0.0,0.0,"","",2026-07-17 14:30:49 +0100,2026-07-17 14:30:49 +0100
21558507,531,Orange Marmalade,,"","","","",yes,0.0,0.0,0.0,g,kg,1000.0,Out of Stock,active,0.0,0.0,0.0,GBP,0.0,0.0,"","",2026-07-17 14:30:51 +0100,2026-07-17 14:30:51 +0100
21558414,357,Orange Juice,,"","","","",yes,31000.0,0.0,0.0,g,kg,1000.0,In Stock,active,0.0,0.0,0.0,GBP,31000.0,0.0,"","",2026-07-17 14:30:50 +0100,2026-07-17 14:30:50 +0100
21558018,126,Gluten Free Baking Powder,,"","","","",yes,3000.0,0.0,3000.0,g,kg,1000.0,In Stock,active,0.00625,0.00612,0.0,GBP,0.0,0.0,"","",2026-07-17 14:30:47 +0100,2026-08-11 12:00:34 +0100
21558420,359,Coconut Flour,,"","","","",yes,16000.0,0.0,0.0,g,kg,1000.0,In Stock,active,0.0,0.0,0.0,GBP,16000.0,0.0,"","",2026-07-17 14:30:50 +0100,2026-07-17 14:30:50 +0100
21558384,348,Oranges (Fresh),,"","","","",yes,0.0,0.0,0.0,g,kg,1000.0,Out of Stock,active,0.0,0.0,0.0,GBP,0.0,0.0,"","",2026-07-17 14:30:50 +0100,2026-07-17 14:30:50 +0100
21558594,608,Banana (Fresh),,"","","","",yes,1823.0,0.0,0.0,g,kg,1000.0,In Stock,active,0.0,0.0,0.0,GBP,56050.0,0.0,"","",2026-07-17 14:30:52 +0100,2026-07-17 14:30:52 +0100
21557832,041,Milk Powder,,"","","","",yes,41478.88985,0.0,25000.0,g,kg,1000.0,In Stock,active,0.00152,0.00152,0.0,GBP,25000.0,0.0,S. Hukin,"",2026-07-17 14:30:45 +0100,2026-08-11 12:15:00 +0100
21557991,109,Parsley (Fresh),,"","","","",yes,-282.0,0.0,0.0,g,kg,1000.0,Out of Stock,active,0.0,0.0,0.0,GBP,0.0,0.0,"","",2026-07-17 14:30:47 +0100,2026-07-17 14:30:47 +0100
21558120,237,"Leek (White, Sliced, Frozen)",,"","","","",yes,-19371.0,0.0,0.0,g,kg,1000.0,Out of Stock,active,0.0,0.0,0.0,GBP,0.0,0.0,"","",2026-07-17 14:30:48 +0100,2026-07-17 14:30:48 +0100
21557685,001,Biscuit Crumbs,,"","","","",yes,5638.0,0.0,0.0,g,kg,1000.0,In Stock,active,0.0,0.0,0.0,GBP,7200.0,0.0,"","",2026-07-17 14:30:44 +0100,2026-07-17 14:30:44 +0100
21557751,016,Sugar (Dark Brown),,"","","","",yes,34004.0,0.0,25000.0,g,kg,1000.0,In Stock,active,0.00066,0.00066,0.0,GBP,10000.0,0.0,S. Hukin,"",2026-07-17 14:30:45 +0100,2026-08-11 12:31:36 +0100
21558060,211,Clotted Cream,,"","","","",yes,-6481.0,0.0,0.0,g,kg,1000.0,Out of Stock,active,0.0,0.0,0.0,GBP,0.0,0.0,"","",2026-07-17 14:30:47 +0100,2026-07-17 14:30:47 +0100
21558171,253,"Cod Meat (Raw, Frozen)",,"","","","",yes,-17756.0,0.0,0.0,g,kg,1000.0,Out of Stock,active,0.0,0.0,0.0,GBP,0.0,0.0,"","",2026-07-17 14:30:48 +0100,2026-07-17 14:30:48 +0100
21558180,257,"Raw Sea bass (filleted, cleaned)",,"","","","",yes,-6376.0,0.0,0.0,g,kg,1000.0,Out of Stock,active,0.0,0.0,0.0,GBP,0.0,0.0,"","",2026-07-17 14:30:48 +0100,2026-07-17 14:30:48 +0100
21557940,079,Baking Powder,,"","","","",yes,-358.0,0.0,0.0,g,kg,1000.0,Out of Stock,active,0.002,0.002,0.0,GBP,0.0,0.002,"","",2026-07-17 14:30:46 +0100,2026-08-11 12:01:08 +0100
21558483,411,Blueberries (Frozen),,"","","","",yes,-7540.0,0.0,0.0,g,kg,1000.0,Out of Stock,active,0.0,0.0,0.0,GBP,0.0,0.0,"","",2026-07-17 14:30:51 +0100,2026-07-17 14:30:51 +0100
21557823,038,Aytac Extra Flour,,"","","","",yes,669925.32245,0.0,0.0,g,kg,1000.0,In Stock,active,0.00093,0.00093,0.0,GBP,700000.0,0.00093,"","",2026-07-17 14:30:45 +0100,2026-07-20 16:14:32 +0100
21557778,024,Yeast (Fresh),,"","","","",yes,8975.30145,0.0,8000.0,g,kg,1000.0,In Stock,active,0.00108,0.00108,0.0,GBP,11000.0,0.0,S. Hukin,"",2026-07-17 14:30:45 +0100,2026-08-11 12:31:26 +0100
21557958,098,Cake Flour (Tortowa),,"","","","",yes,258889.4384,0.0,0.0,g,kg,1000.0,In Stock,active,0.00095,0.00095,0.0,GBP,304000.0,0.00095,"","",2026-07-17 14:30:46 +0100,2026-07-20 16:14:32 +0100
21558219,274,Brown Pie Case,,"","","","",yes,43834.0,0.0,0.0,item,box,1500.0,In Stock,active,0.04,0.04,0.0,GBP,46500.0,0.04,"","",2026-07-17 14:30:49 +0100,2026-07-20 14:44:58 +0100
21557853,048,Potato Flakes,,"","","","",yes,23952.7,0.0,0.0,g,kg,1000.0,In Stock,active,0.00264,0.00264,0.0,GBP,25000.0,0.00264,"","",2026-07-17 14:30:46 +0100,2026-07-20 16:14:32 +0100
21557760,020,Dry Veg. Mix Knorr,,"","","","",yes,859.5,0.0,0.0,g,kg,1000.0,In Stock,active,0.01769,0.01769,0.0,GBP,2925.0,0.01769,"","",2026-07-17 14:30:45 +0100,2026-07-20 15:29:58 +0100
21557862,051,Red Chili Pepper Flakes,,"","","","",yes,3085.0,0.0,3000.0,g,kg,1000.0,In Stock,active,0.01062,0.01062,0.0,GBP,200.0,0.0,"","",2026-07-17 14:30:46 +0100,2026-08-11 12:31:25 +0100
21557829,040,Mayonnaise,,"","","","",yes,31294.0,0.0,0.0,g,kg,1000.0,In Stock,active,0.00219,0.00219,0.0,GBP,36000.0,0.00219,"","",2026-07-17 14:30:45 +0100,2026-07-20 16:14:32 +0100
21557976,105,Paprika (Smoked),,"","","","",yes,2684.0,0.0,0.0,g,kg,1000.0,In Stock,active,0.01201,0.01201,0.0,GBP,3000.0,0.01201,"","",2026-07-17 14:30:47 +0100,2026-07-22 11:36:30 +0100
21557712,006,Butter (Salted),,"","","","",yes,17116.75073,0.0,20000.0,g,kg,1000.0,In Stock,active,0.00253,0.00253,0.0,GBP,12750.0,0.0,"","",2026-07-17 14:30:44 +0100,2026-07-20 14:44:59 +0100
21558006,116,Flora Buttery (Spreadable Margarine),,"","","","",yes,13233.27029,0.0,0.0,g,kg,1000.0,In Stock,active,0.00299,0.00299,0.0,GBP,20000.0,0.00299,"","",2026-07-17 14:30:47 +0100,2026-07-20 16:14:32 +0100
21557964,102,Bicarbonate Of Soda,,"","","","",yes,4642.0,0.0,0.0,g,kg,1000.0,In Stock,active,0.00103,0.00103,0.0,GBP,5000.0,0.00103,"","",2026-07-17 14:30:47 +0100,2026-08-11 12:01:08 +0100
21558015,125,Self Raising Flour,,"","","","",yes,6570.0,0.0,0.0,g,kg,920.0,In Stock,active,0.00051,0.00051,0.0,GBP,16000.0,0.00051,"","",2026-07-17 14:30:47 +0100,2026-08-11 12:01:08 +0100
21557988,108,"Black Pepper (Ground, Fine)",,"","","","",yes,1757.0,0.0,0.0,g,kg,1000.0,In Stock,active,0.01099,0.01099,0.0,GBP,1900.0,0.01099,"","",2026-07-17 14:30:47 +0100,2026-07-20 16:14:32 +0100
21557757,019,Parsley (Dried),,"","","","",yes,1951.4,0.0,0.0,g,kg,1000.0,In Stock,active,0.0125,0.0125,0.0,GBP,2500.0,0.0125,"","",2026-07-17 14:30:45 +0100,2026-07-20 16:14:31 +0100
21558357,337,Wholemeal Wheat Flour,,"","","","",yes,38652.74595,0.0,16000.0,g,kg,1000.0,In Stock,active,0.00082,0.00082,0.0,GBP,32000.0,0.00081,S.Hukins,"",2026-07-17 14:30:50 +0100,2026-08-11 13:00:35 +0100
21558087,222,Yeast (Dry),,"","","","",yes,1256.6919,0.0,0.0,g,kg,1000.0,In Stock,active,0.0064,0.0064,0.0,GBP,1500.0,0.0064,"","",2026-07-17 14:30:48 +0100,2026-08-11 13:00:35 +0100
21558456,397,Softgrain Seed Mix,,"","","","",yes,19587.14595,0.0,25000.0,g,kg,1000.0,In Stock,active,0.00314,0.00314,0.0,GBP,2000.0,0.0,S. Hukin,"",2026-07-17 14:30:51 +0100,2026-08-11 13:01:04 +0100
21558381,347,Sunflower Seeds,,"","","","",yes,8383.54595,0.0,0.0,g,kg,1000.0,In Stock,active,0.00147,0.00147,0.0,GBP,10700.0,0.00147,"","",2026-07-17 14:30:50 +0100,2026-08-11 13:00:35 +0100
21558702,950,Oats,,"","","","",yes,46988.81081,0.0,25000.0,g,kg,1000.0,In Stock,active,0.00057,0.00057,0.0,GBP,25000.0,0.00059,"","",2026-07-17 14:30:53 +0100,2026-08-11 13:01:04 +0100
21558075,216,Dark Malt Flour (Barley),,"","","","",yes,14165.83784,0.0,0.0,g,kg,1000.0,In Stock,active,0.00244,0.00244,0.0,GBP,16800.0,0.00244,"","",2026-07-17 14:30:47 +0100,2026-08-11 13:00:35 +0100
21557994,110,Orange Juice Drink,,"","","","",yes,1940.54054,0.0,0.0,g,kg,1000.0,In Stock,active,0.00083,0.00083,0.0,GBP,13000.0,0.00083,"","",2026-07-17 14:30:47 +0100,2026-08-11 13:00:35 +0100
21558294,314,White Cabbage (Head),,"","","","",yes,13400.0,0.0,25000.0,g,kg,1000.0,In Stock,active,0.00056,0.00056,0.0,GBP,0.0,0.0,"","",2026-07-17 14:30:49 +0100,2026-08-11 12:59:34 +0100
21558351,335,Beetroot (Fresh),,"","","","",yes,16800.0,0.0,40000.0,g,kg,1000.0,In Stock,active,0.0007,0.0007,0.0,GBP,0.0,0.0,"","",2026-07-17 14:30:50 +0100,2026-08-11 12:59:34 +0100
21557709,005,Bread Flour (Rising Sun),,"","","","",yes,41705.83487,0.0,80000.0,g,kg,1000.0,In Stock,active,0.00043,0.00043,0.0,GBP,64000.0,0.0,S. Hukin,"",2026-07-17 14:30:44 +0100,2026-07-20 14:44:59 +0100
21557787,027,Golden Syrup,,"","","","",yes,2684.0,0.0,0.0,g,kg,1000.0,In Stock,active,0.00191,0.00191,0.0,GBP,3000.0,0.00191,"","",2026-07-17 14:30:45 +0100,2026-08-11 13:32:21 +0100
21557928,070,Wholemeal Dark Rye Flour,,"","","","",yes,85133.8,0.0,48000.0,g,kg,1000.0,In Stock,active,0.00093,0.00093,0.0,GBP,48000.0,0.00093,S.Hukins,"",2026-07-17 14:30:46 +0100,2026-08-05 12:50:33 +0100
21558033,201,Black Treacle,,"","","","",yes,59561.70812,0.0,25000.0,g,kg,1000.0,In Stock,active,0.00161,0.00161,0.0,GBP,46800.0,0.00161,S.Hukins,"",2026-07-17 14:30:47 +0100,2026-08-05 12:50:33 +0100
21558369,341,Ricotta,,"","","","",yes,-7215.0,0.0,0.0,g,kg,1000.0,Out of Stock,active,0.0,0.0,0.0,GBP,0.0,0.0,"","",2026-07-17 14:30:50 +0100,2026-07-17 14:30:50 +0100
21557688,002,Chorizo (Chopped),,"","","","",yes,-2525.0,0.0,0.0,g,kg,1000.0,Out of Stock,active,0.0,0.0,0.0,GBP,1500.0,0.0,"","",2026-07-17 14:30:44 +0100,2026-07-17 14:30:44 +0100
21557856,049,Skinless Boneless Chicken Thighs (Raw),,"","","","",yes,-36732.0,0.0,0.0,g,kg,1000.0,Out of Stock,active,0.0,0.0,0.0,GBP,0.0,0.0,"","",2026-07-17 14:30:46 +0100,2026-07-17 14:30:46 +0100
21558303,318,Chicken Stock,,"","","","",yes,-897.0,0.0,0.0,g,kg,1000.0,Out of Stock,active,0.0,0.0,0.0,GBP,0.0,0.0,"","",2026-07-17 14:30:49 +0100,2026-07-17 14:30:49 +0100
21557892,059,Strong Flour (Super Snow White),,"","","","",yes,343.8884,0.0,48000.0,g,kg,1000.0,In Stock,active,0.00081,0.00081,0.0,GBP,15000.0,0.00081,S.Hukins,"",2026-07-17 14:30:46 +0100,2026-08-05 12:50:33 +0100
21557739,012,Chorizo Stick,,"","","","",yes,-5468.0,0.0,0.0,g,kg,1000.0,Out of Stock,active,0.0,0.0,0.0,GBP,0.0,0.0,"","",2026-07-17 14:30:45 +0100,2026-07-17 14:30:45 +0100
21557826,039,Mascarpone,,"","","","",yes,-11311.0,0.0,0.0,g,kg,1000.0,Out of Stock,active,0.00594,0.00594,0.0,GBP,24000.0,0.00594,"","",2026-07-17 14:30:45 +0100,2026-07-20 16:14:32 +0100
21557814,035a,"Egg (Whole, Pasteurised, Liquid)",,"","","","",yes,-9854.56522,0.0,0.0,g,kg,1000.0,Out of Stock,active,0.00323,0.00323,0.0,GBP,20000.0,0.00323,"","",2026-07-17 14:30:45 +0100,2026-07-20 16:14:32 +0100
21557850,047,Cream Cheese,,"","","","",yes,-10979.0,0.0,0.0,g,kg,1000.0,Out of Stock,active,0.0,0.0,0.0,GBP,4000.0,0.0,"","",2026-07-17 14:30:46 +0100,2026-07-17 14:30:46 +0100
21557883,056,Smoked Salmon Trimmings,,"","","","",yes,-14979.0,0.0,0.0,g,kg,1000.0,Out of Stock,active,0.00998,0.00998,0.0,GBP,0.0,0.00998,"","",2026-07-17 14:30:46 +0100,2026-08-11 12:31:03 +0100
21557859,050,Salmon Meat (Frozen),,"","","","",yes,-19975.0,0.0,0.0,g,kg,1000.0,Out of Stock,active,0.0,0.0,0.0,GBP,0.0,0.0,"","",2026-07-17 14:30:46 +0100,2026-07-17 14:30:46 +0100
21557979,106,Onion Seeds,,"","","","",yes,4382.5,0.0,0.0,g,kg,1000.0,In Stock,active,0.0,0.0,0.0,GBP,4500.0,0.0,"","",2026-07-17 14:30:47 +0100,2026-07-17 14:30:47 +0100
21558237,283,Dry Kelp,,"","","","",yes,-438.0,0.0,0.0,g,kg,1000.0,Out of Stock,active,0.0,0.0,0.0,GBP,0.0,0.0,"","",2026-07-17 14:30:49 +0100,2026-07-17 14:30:49 +0100
21558348,334,Parsnip (Fresh),,"","","","",yes,-750.0,0.0,0.0,g,kg,1000.0,Out of Stock,active,0.0,0.0,0.0,GBP,0.0,0.0,"","",2026-07-17 14:30:50 +0100,2026-07-17 14:30:50 +0100
21557790,028,Cardamom Powder (Green),,"","","","",yes,2857.0,0.0,3500.0,g,kg,1000.0,In Stock,active,0.03868,0.03791,0.0,GBP,500.0,0.0,"","",2026-07-17 14:30:45 +0100,2026-08-11 12:31:26 +0100
21557820,037,Sugar (Light Brown),,"","","","",yes,29197.0,0.0,25000.0,g,kg,1000.0,In Stock,active,0.00057,0.00057,0.0,GBP,15000.0,0.0,S. Hukin,"",2026-07-17 14:30:45 +0100,2026-08-11 12:18:26 +0100
21557733,011,Onion (Fresh),,"","","","",yes,-21376.0,0.0,0.0,g,kg,1000.0,Out of Stock,active,0.00052,0.00052,0.0,GBP,0.0,0.00052,"","",2026-07-17 14:30:45 +0100,2026-08-11 14:34:05 +0100
21558480,410,Almond Flakes,,"","","","",yes,-3581.0,0.0,0.0,g,kg,1000.0,Out of Stock,active,0.0,0.0,0.0,GBP,0.0,0.0,"","",2026-07-17 14:30:51 +0100,2026-07-17 14:30:51 +0100
21557763,021,Egg White (Liquid),,"","","","",yes,5000.0,0.0,12000.0,g,kg,1000.0,In Stock,active,0.00289,0.00289,0.0,GBP,6000.0,0.00289,S.Hukins,"",2026-07-17 14:30:45 +0100,2026-08-05 12:50:33 +0100
21557781,025,Almond (Ground),,"","","","",yes,13817.6,0.0,10000.0,g,kg,1000.0,In Stock,active,0.00527,0.00527,0.0,GBP,6500.0,0.0,S.Hukins,"",2026-07-17 14:30:45 +0100,2026-08-11 14:32:17 +0100
21557967,103,Sugar Vanilla Blend,,"","","","",yes,32569.0,0.0,0.0,g,kg,1000.0,In Stock,active,0.0,0.0,0.0,GBP,37000.0,0.0,"","",2026-07-17 14:30:47 +0100,2026-07-17 14:30:47 +0100
21558537,548,Chocolate Hazelnut Spread,,"","","","",yes,0.0,0.0,0.0,g,kg,1000.0,Out of Stock,active,0.00722,0.00722,0.0,GBP,0.0,0.00722,"","",2026-07-17 14:30:51 +0100,2026-08-11 15:02:21 +0100
21557742,013,Cinnamon (Ground),,"","","","",yes,7906.0,0.0,0.0,g,kg,1000.0,In Stock,active,0.00582,0.00582,0.0,GBP,9000.0,0.00582,"","",2026-07-17 14:30:45 +0100,2026-08-11 15:00:42 +0100
21557952,095,Butter (Unsalted),,"","","","",yes,25191.0,0.0,0.0,g,kg,1000.0,In Stock,active,0.00425,0.00425,0.0,GBP,37250.0,0.00425,"","",2026-07-17 14:30:46 +0100,2026-08-11 14:54:23 +0100
21558081,219,Dried Mushrooms,,"","","","",yes,0.0,0.0,0.0,g,kg,1000.0,Out of Stock,active,0.02998,0.02998,0.0,GBP,600.0,0.02998,"","",2026-07-17 14:30:47 +0100,2026-07-20 16:58:38 +0100
21558150,245,Pimento (Ground),,"","","","",yes,48.0,0.0,0.0,g,kg,1000.0,In Stock,active,0.01695,0.01695,0.0,GBP,150.0,0.01695,"","",2026-07-17 14:30:48 +0100,2026-07-20 16:14:32 +0100
21558051,205,Bay Leaf Powder,,"","","","",yes,-6.2,0.0,0.0,g,kg,1000.0,Out of Stock,active,0.05828,0.05828,0.0,GBP,30.0,0.05828,"","",2026-07-17 14:30:47 +0100,2026-07-20 16:14:32 +0100
21558549,553,Agar Agar,,"","","","",yes,1000.0,0.0,0.0,g,kg,1000.0,In Stock,active,0.0,0.0,0.0,GBP,1000.0,0.0,"","",2026-07-17 14:30:52 +0100,2026-07-17 14:30:52 +0100
21558561,557,Blueberries (Fresh),,"","","","",yes,0.0,0.0,0.0,g,kg,1000.0,Out of Stock,active,0.0,0.0,0.0,GBP,0.0,0.0,"","",2026-07-17 14:30:52 +0100,2026-07-17 14:30:52 +0100
21558519,537,Aluminium Foil Rounds (for goats cheese),,"","","","",yes,0.0,0.0,0.0,g,kg,1000.0,Out of Stock,active,0.0,0.0,0.0,GBP,0.0,0.0,"","",2026-07-17 14:30:51 +0100,2026-07-17 14:30:51 +0100
21558477,409,Vegan Grilling Cheese,,"","","","",yes,0.0,0.0,0.0,g,kg,1000.0,Out of Stock,active,0.0,0.0,0.0,GBP,0.0,0.0,"","",2026-07-17 14:30:51 +0100,2026-07-17 14:30:51 +0100
21558543,551,Cacao Powder,,"","","","",yes,0.0,0.0,0.0,g,kg,1000.0,Out of Stock,active,0.0,0.0,0.0,GBP,0.0,0.0,"","",2026-07-17 14:30:51 +0100,2026-07-17 14:30:52 +0100
21558522,538,Alluminium Foil Rounds (for pies),,"","","","",yes,0.0,0.0,0.0,g,kg,1000.0,Out of Stock,active,0.0,0.0,0.0,GBP,0.0,0.0,"","",2026-07-17 14:30:51 +0100,2026-07-17 14:30:51 +0100
21558525,539,"9"" Pizza Box (4 pies)",,"","","","",yes,0.0,0.0,0.0,g,kg,1000.0,Out of Stock,active,0.0,0.0,0.0,GBP,0.0,0.0,"","",2026-07-17 14:30:51 +0100,2026-07-17 14:30:51 +0100
21558534,547,Mild Curry Powder(Heera),,"","","","",yes,0.0,0.0,0.0,g,kg,1000.0,Out of Stock,active,0.0,0.0,0.0,GBP,0.0,0.0,"","",2026-07-17 14:30:51 +0100,2026-07-17 14:30:51 +0100
21558540,549,Custard Powder (Cremyvit),,"","","","",yes,0.0,0.0,0.0,g,kg,1000.0,Out of Stock,active,0.0,0.0,0.0,GBP,0.0,0.0,"","",2026-07-17 14:30:51 +0100,2026-07-17 14:30:51 +0100
21558528,540,Amazon Box (14 pies),,"","","","",yes,0.0,0.0,0.0,g,kg,1000.0,Out of Stock,active,0.0,0.0,0.0,GBP,0.0,0.0,"","",2026-07-17 14:30:51 +0100,2026-07-17 14:30:51 +0100
21558531,543,Blackcurrant (Frozen),,"","","","",yes,0.0,0.0,0.0,g,kg,1000.0,Out of Stock,active,0.0,0.0,0.0,GBP,0.0,0.0,"","",2026-07-17 14:30:51 +0100,2026-07-17 14:30:51 +0100
21558516,534,Freezer Bag (Large),,"","","","",yes,0.0,0.0,0.0,g,kg,1000.0,Out of Stock,active,0.0,0.0,0.0,GBP,0.0,0.0,"","",2026-07-17 14:30:51 +0100,2026-07-17 14:30:51 +0100
21558498,521,Probe Wipes,,"","","","",yes,0.0,0.0,0.0,g,kg,1000.0,Out of Stock,active,0.0,0.0,0.0,GBP,0.0,0.0,"","",2026-07-17 14:30:51 +0100,2026-07-17 14:30:51 +0100
21558513,533,Freezer Bag (Med),,"","","","",yes,0.0,0.0,0.0,g,kg,1000.0,Out of Stock,active,0.0,0.0,0.0,GBP,0.0,0.0,"","",2026-07-17 14:30:51 +0100,2026-07-17 14:30:51 +0100
21558492,496,Cashew Nuts,,"","","","",yes,0.0,0.0,0.0,g,kg,1000.0,Out of Stock,active,0.0,0.0,0.0,GBP,0.0,0.0,"","",2026-07-17 14:30:51 +0100,2026-07-17 14:30:51 +0100
21558489,413,Linseed (Brown),,"","","","",yes,20000.0,0.0,0.0,g,kg,1000.0,In Stock,active,0.0,0.0,0.0,GBP,20000.0,0.0,"","",2026-07-17 14:30:51 +0100,2026-07-17 14:30:51 +0100
21558501,527,Yellow Net Caps,,"","","","",yes,0.0,0.0,0.0,g,kg,1000.0,Out of Stock,active,0.0,0.0,0.0,GBP,0.0,0.0,"","",2026-07-17 14:30:51 +0100,2026-07-17 14:30:51 +0100
21558459,398,Bilberry Jam,,"","","","",yes,0.0,0.0,0.0,g,kg,1000.0,Out of Stock,active,0.0,0.0,0.0,GBP,0.0,0.0,"","",2026-07-17 14:30:51 +0100,2026-07-17 14:30:51 +0100
21558450,395,Jalapeno Pepper (Sliced),,"","","","",yes,0.0,0.0,0.0,g,kg,1000.0,Out of Stock,active,0.0,0.0,0.0,GBP,0.0,0.0,"","",2026-07-17 14:30:51 +0100,2026-07-17 14:30:51 +0100
21558474,408,Hot Chili Flakes,,"","","","",yes,500.0,0.0,0.0,g,kg,1000.0,In Stock,active,0.0,0.0,0.0,GBP,500.0,0.0,"","",2026-07-17 14:30:51 +0100,2026-07-17 14:30:51 +0100
21558453,396,Pickled Sweet Peppers,,"","","","",yes,0.0,0.0,0.0,g,kg,1000.0,Out of Stock,active,0.0,0.0,0.0,GBP,0.0,0.0,"","",2026-07-17 14:30:51 +0100,2026-07-17 14:30:51 +0100
21558468,406,Black Salt (Kala Namak),,"","","","",yes,0.0,0.0,0.0,g,kg,1000.0,Out of Stock,active,0.0,0.0,0.0,GBP,0.0,0.0,"","",2026-07-17 14:30:51 +0100,2026-07-17 14:30:51 +0100
21558405,354,Potato Starch,,"","","","",yes,0.0,0.0,0.0,g,kg,1000.0,Out of Stock,active,0.0,0.0,0.0,GBP,0.0,0.0,"","",2026-07-17 14:30:50 +0100,2026-07-17 14:30:50 +0100
21558465,401,Raspberries (Frozen),,"","","","",yes,0.0,0.0,0.0,g,kg,1000.0,Out of Stock,active,0.0,0.0,0.0,GBP,0.0,0.0,"","",2026-07-17 14:30:51 +0100,2026-07-17 14:30:51 +0100
21558438,366,Blueberry Crowns,,"","","","",yes,0.0,0.0,0.0,g,kg,1000.0,Out of Stock,active,0.0,0.0,0.0,GBP,0.0,0.0,"","",2026-07-17 14:30:51 +0100,2026-07-17 14:30:51 +0100
21558441,368,Pearl Sugar,,"","","","",yes,0.0,0.0,0.0,g,kg,1000.0,Out of Stock,active,0.0,0.0,0.0,GBP,0.0,0.0,"","",2026-07-17 14:30:51 +0100,2026-07-17 14:30:51 +0100
21558426,361,Bechamel,,"","","","",yes,0.0,0.0,0.0,g,kg,1000.0,Out of Stock,active,0.0,0.0,0.0,GBP,0.0,0.0,"","",2026-07-17 14:30:50 +0100,2026-07-17 14:30:50 +0100
21558408,355,"Pollock (Raw, Frozen)",,"","","","",yes,0.0,0.0,0.0,g,kg,1000.0,Out of Stock,active,0.0,0.0,0.0,GBP,0.0,0.0,"","",2026-07-17 14:30:50 +0100,2026-07-17 14:30:50 +0100
21558447,394,Double Cream (Vegetarian),,"","","","",yes,0.0,0.0,0.0,g,kg,1000.0,Out of Stock,active,0.0,0.0,0.0,GBP,0.0,0.0,"","",2026-07-17 14:30:51 +0100,2026-07-17 14:30:51 +0100
21558423,360,Dried Sweetened Blueberries,,"","","","",yes,0.0,0.0,0.0,g,kg,1000.0,Out of Stock,active,0.0,0.0,0.0,GBP,0.0,0.0,"","",2026-07-17 14:30:50 +0100,2026-07-17 14:30:50 +0100
21558444,392,Bacon Lardons (Vegetarian),,"","","","",yes,0.0,0.0,0.0,g,kg,1000.0,Out of Stock,active,0.0,0.0,0.0,GBP,0.0,0.0,"","",2026-07-17 14:30:51 +0100,2026-07-17 14:30:51 +0100
21558429,363,Grilling Cheese,,"","","","",yes,0.0,0.0,0.0,g,kg,1000.0,Out of Stock,active,0.0,0.0,0.0,GBP,0.0,0.0,"","",2026-07-17 14:30:50 +0100,2026-07-17 14:30:51 +0100
21558396,351,Brown Rice Flour,,"","","","",yes,0.0,0.0,0.0,g,kg,1000.0,Out of Stock,active,0.0,0.0,0.0,GBP,0.0,0.0,"","",2026-07-17 14:30:50 +0100,2026-07-17 14:30:50 +0100
21558375,345,Blue Tray Liners,,"","","","",yes,0.0,0.0,0.0,g,kg,1000.0,Out of Stock,active,0.0,0.0,0.0,GBP,0.0,0.0,"","",2026-07-17 14:30:50 +0100,2026-07-17 14:30:50 +0100
21558435,365,Lingonberry Jam,,"","","","",yes,0.0,0.0,0.0,g,kg,1000.0,Out of Stock,active,0.0,0.0,0.0,GBP,0.0,0.0,"","",2026-07-17 14:30:51 +0100,2026-07-17 14:30:51 +0100
21558378,346,Cloves ,,"","","","",yes,0.0,0.0,0.0,g,kg,1000.0,Out of Stock,active,0.0,0.0,0.0,GBP,0.0,0.0,"","",2026-07-17 14:30:50 +0100,2026-07-17 14:30:50 +0100
21558417,358,Blueberry Jam,,"","","","",yes,0.0,0.0,0.0,g,kg,1000.0,Out of Stock,active,0.0,0.0,0.0,GBP,0.0,0.0,"","",2026-07-17 14:30:50 +0100,2026-07-17 14:30:50 +0100
21558411,356,Plums,,"","","","",yes,0.0,0.0,0.0,g,kg,1000.0,Out of Stock,active,0.0,0.0,0.0,GBP,0.0,0.0,"","",2026-07-17 14:30:50 +0100,2026-07-17 14:30:50 +0100
21558393,350,Coconut Milk,,"","","","",yes,8000.0,0.0,0.0,g,kg,1000.0,In Stock,active,0.0,0.0,0.0,GBP,8000.0,0.0,"","",2026-07-17 14:30:50 +0100,2026-07-17 14:30:50 +0100
21558387,348a,Orange Zest,,"","","","",yes,0.0,0.0,0.0,g,kg,1000.0,Out of Stock,active,0.0,0.0,0.0,GBP,0.0,0.0,"","",2026-07-17 14:30:50 +0100,2026-07-17 14:30:50 +0100
21558402,353,IREKS Custard Light Mix,,"","","","",yes,7000.0,0.0,0.0,g,kg,1000.0,In Stock,active,0.0,0.0,0.0,GBP,7000.0,0.0,"","",2026-07-17 14:30:50 +0100,2026-07-17 14:30:50 +0100
21558399,352,Buckwheat Flour,,"","","","",yes,0.0,0.0,0.0,g,kg,1000.0,Out of Stock,active,0.0,0.0,0.0,GBP,0.0,0.0,"","",2026-07-17 14:30:50 +0100,2026-07-17 14:30:50 +0100
21558390,349,Cornmeal,,"","","","",yes,18000.0,0.0,0.0,g,kg,1000.0,In Stock,active,0.0,0.0,0.0,GBP,18000.0,0.0,"","",2026-07-17 14:30:50 +0100,2026-07-17 14:30:50 +0100
21558333,331,Sweet Green Pepper,,"","","","",yes,0.0,0.0,0.0,g,kg,1000.0,Out of Stock,active,0.0,0.0,0.0,GBP,0.0,0.0,"","",2026-07-17 14:30:50 +0100,2026-07-17 14:30:50 +0100
21558339,333,Vinegar,,"","","","",yes,26000.0,0.0,0.0,g,kg,1000.0,In Stock,active,0.0,0.0,0.0,GBP,26000.0,0.0,"","",2026-07-17 14:30:50 +0100,2026-07-17 14:30:50 +0100
21558363,339,Baldo Rice,,"","","","",yes,1700.0,0.0,0.0,g,kg,1000.0,In Stock,active,0.0,0.0,0.0,GBP,1700.0,0.0,"","",2026-07-17 14:30:50 +0100,2026-07-17 14:30:50 +0100
21558366,340,Hellmans Vegan Mayo,,"","","","",yes,0.0,0.0,0.0,g,kg,1000.0,Out of Stock,active,0.0,0.0,0.0,GBP,0.0,0.0,"","",2026-07-17 14:30:50 +0100,2026-07-17 14:30:50 +0100
21558360,338,Sausage,,"","","","",yes,0.0,0.0,0.0,g,kg,1000.0,Out of Stock,active,0.0,0.0,0.0,GBP,0.0,0.0,"","",2026-07-17 14:30:50 +0100,2026-07-17 14:30:50 +0100
21558330,330,Green Cabbage (Fresh),,"","","","",yes,0.0,0.0,0.0,g,kg,1000.0,Out of Stock,active,0.0,0.0,0.0,GBP,0.0,0.0,"","",2026-07-17 14:30:50 +0100,2026-07-17 14:30:50 +0100
21558318,323,Goldwax Spray Spink Oil,,"","","","",yes,0.0,0.0,0.0,g,kg,1000.0,Out of Stock,active,0.0,0.0,0.0,GBP,0.0,0.0,"","",2026-07-17 14:30:50 +0100,2026-07-17 14:30:50 +0100
21558300,317,Rice Flour,,"","","","",yes,0.0,0.0,0.0,g,kg,1000.0,Out of Stock,active,0.0,0.0,0.0,GBP,0.0,0.0,"","",2026-07-17 14:30:49 +0100,2026-07-17 14:30:49 +0100
21558291,313,Tomato Paste,,"","","","",yes,1660.0,0.0,0.0,g,kg,1000.0,In Stock,active,0.0,0.0,0.0,GBP,1660.0,0.0,"","",2026-07-17 14:30:49 +0100,2026-07-17 14:30:49 +0100
21558324,325,Cloves (Ground),,"","","","",yes,0.0,0.0,0.0,g,kg,1000.0,Out of Stock,active,0.0,0.0,0.0,GBP,0.0,0.0,"","",2026-07-17 14:30:50 +0100,2026-07-17 14:30:50 +0100
21558312,321,Gluten Free Flour (Freee),,"","","","",yes,41000.0,0.0,0.0,g,kg,1000.0,In Stock,active,0.0,0.0,0.0,GBP,41000.0,0.0,"","",2026-07-17 14:30:49 +0100,2026-07-17 14:30:49 +0100
21558309,320,Raspberry Seeded Jam,,"","","","",yes,30000.0,0.0,0.0,g,kg,1000.0,In Stock,active,0.0,0.0,0.0,GBP,30000.0,0.0,"","",2026-07-17 14:30:49 +0100,2026-07-17 14:30:49 +0100
21558288,312,White Quinoa,,"","","","",yes,0.0,0.0,0.0,g,kg,1000.0,Out of Stock,active,0.0,0.0,0.0,GBP,0.0,0.0,"","",2026-07-17 14:30:49 +0100,2026-07-17 14:30:49 +0100
21558297,315,Double Cream,,"","","","",yes,0.0,0.0,0.0,g,kg,1000.0,Out of Stock,active,0.0,0.0,0.0,GBP,0.0,0.0,"","",2026-07-17 14:30:49 +0100,2026-07-17 14:30:49 +0100
21558270,303,Cooked Chestnuts (Chopped),,"","","","",yes,0.0,0.0,0.0,g,kg,1000.0,Out of Stock,active,0.0,0.0,0.0,GBP,0.0,0.0,"","",2026-07-17 14:30:49 +0100,2026-07-17 14:30:49 +0100
21558285,311,Cocoa Powder,,"","","","",yes,0.0,0.0,0.0,g,kg,1000.0,Out of Stock,active,0.0,0.0,0.0,GBP,0.0,0.0,"","",2026-07-17 14:30:49 +0100,2026-07-17 14:30:49 +0100
21558306,319,English Mustard,,"","","","",yes,11250.0,0.0,0.0,g,kg,1000.0,In Stock,active,0.0,0.0,0.0,GBP,11250.0,0.0,"","",2026-07-17 14:30:49 +0100,2026-07-17 14:30:49 +0100
21557865,052,Red Onion,,"","","","",yes,-1313.0,0.0,0.0,g,kg,1000.0,Out of Stock,active,0.0008,0.0008,0.0,GBP,0.0,0.0008,"","",2026-07-17 14:30:46 +0100,2026-08-11 14:26:12 +0100
21558666,647,Ham (Cooked),,"","","","",yes,0.0,0.0,0.0,g,kg,1000.0,Out of Stock,active,0.0,0.0,0.0,GBP,0.0,0.0,"","",2026-07-17 14:30:53 +0100,2026-07-17 14:30:53 +0100
21558696,660,Basmati Rice,,"","","","",yes,4200.0,0.0,0.0,g,kg,1000.0,In Stock,active,0.0,0.0,0.0,GBP,4200.0,0.0,"","",2026-07-17 14:30:53 +0100,2026-07-17 14:30:53 +0100
21558636,634,Dark Soy Sauce,,"","","","",yes,0.0,0.0,0.0,g,kg,1000.0,Out of Stock,active,0.0,0.0,0.0,GBP,0.0,0.0,"","",2026-07-17 14:30:52 +0100,2026-07-17 14:30:52 +0100
21558642,637,Katsu Curry Sauce,,"","","","",yes,600.0,0.0,0.0,g,kg,1000.0,In Stock,active,0.0,0.0,0.0,GBP,600.0,0.0,"","",2026-07-17 14:30:52 +0100,2026-07-17 14:30:52 +0100
21558690,658,Biscoff Crumb,,"","","","",yes,2500.0,0.0,0.0,g,kg,1000.0,In Stock,active,0.0,0.0,0.0,GBP,2500.0,0.0,"","",2026-07-17 14:30:53 +0100,2026-07-17 14:30:53 +0100
21558639,635,Snowdonia Smoked Cheese,,"","","","",yes,0.0,0.0,0.0,g,kg,1000.0,Out of Stock,active,0.0,0.0,0.0,GBP,0.0,0.0,"","",2026-07-17 14:30:52 +0100,2026-07-17 14:30:52 +0100
21558672,649,Turkey Meat,,"","","","",yes,0.0,0.0,0.0,g,kg,1000.0,Out of Stock,active,0.0,0.0,0.0,GBP,0.0,0.0,"","",2026-07-17 14:30:53 +0100,2026-07-17 14:30:53 +0100
21558687,656,Sweet Red Pepper Flakes,,"","","","",yes,1500.0,0.0,0.0,g,kg,1000.0,In Stock,active,0.0,0.0,0.0,GBP,1500.0,0.0,"","",2026-07-17 14:30:53 +0100,2026-07-17 14:30:53 +0100
21558669,648,Crumble Topping,,"","","","",yes,21000.0,0.0,0.0,g,kg,1000.0,In Stock,active,0.0,0.0,0.0,GBP,21000.0,0.0,"","",2026-07-17 14:30:53 +0100,2026-07-17 14:30:53 +0100
21558621,628,Pulled Ham,,"","","","",yes,0.0,0.0,0.0,g,kg,1000.0,Out of Stock,active,0.0,0.0,0.0,GBP,0.0,0.0,"","",2026-07-17 14:30:52 +0100,2026-07-17 14:30:52 +0100
21558675,651,Cannellini beans,,"","","","",yes,0.0,0.0,0.0,g,kg,1000.0,Out of Stock,active,0.0,0.0,0.0,GBP,0.0,0.0,"","",2026-07-17 14:30:53 +0100,2026-07-17 14:30:53 +0100
21558630,632,Horseradish Sauce,,"","","","",yes,2000.0,0.0,0.0,g,kg,1000.0,In Stock,active,0.0,0.0,0.0,GBP,2000.0,0.0,"","",2026-07-17 14:30:52 +0100,2026-07-17 14:30:52 +0100
21558678,653,Red Kidney beans,,"","","","",yes,0.0,0.0,0.0,g,kg,1000.0,Out of Stock,active,0.0,0.0,0.0,GBP,0.0,0.0,"","",2026-07-17 14:30:53 +0100,2026-07-17 14:30:53 +0100
21558660,643,Madras Mild Curry Powder,,"","","","",yes,1500.0,0.0,0.0,g,kg,1000.0,In Stock,active,0.0,0.0,0.0,GBP,1500.0,0.0,"","",2026-07-17 14:30:53 +0100,2026-07-17 14:30:53 +0100
21558657,642,Blueberry Filling,,"","","","",yes,17000.0,0.0,0.0,g,kg,1000.0,In Stock,active,0.0,0.0,0.0,GBP,17000.0,0.0,"","",2026-07-17 14:30:52 +0100,2026-07-17 14:30:53 +0100
21558654,641,Ulrick & Short (Matte),,"","","","",yes,16600.0,0.0,0.0,g,kg,1000.0,In Stock,active,0.0,0.0,0.0,GBP,16600.0,0.0,"","",2026-07-17 14:30:52 +0100,2026-07-17 14:30:52 +0100
21558648,639,Soybean Paste,,"","","","",yes,0.0,0.0,0.0,g,kg,1000.0,Out of Stock,active,0.0,0.0,0.0,GBP,0.0,0.0,"","",2026-07-17 14:30:52 +0100,2026-07-17 14:30:52 +0100
21558645,638,Kikkoman Soy Sauce,,"","","","",yes,0.0,0.0,0.0,g,kg,1000.0,Out of Stock,active,0.0,0.0,0.0,GBP,0.0,0.0,"","",2026-07-17 14:30:52 +0100,2026-07-17 14:30:52 +0100
21558600,614,Paper Imitation Greaseproof 1/2cut,,"","","","",yes,0.0,0.0,0.0,g,kg,1000.0,Out of Stock,active,0.0,0.0,0.0,GBP,0.0,0.0,"","",2026-07-17 14:30:52 +0100,2026-07-17 14:30:52 +0100
21558624,630,Salt Beef pulled,,"","","","",yes,0.0,0.0,0.0,g,kg,1000.0,Out of Stock,active,0.0,0.0,0.0,GBP,0.0,0.0,"","",2026-07-17 14:30:52 +0100,2026-07-17 14:30:52 +0100
21558615,623,Seabream (Fillets),,"","","","",yes,0.0,0.0,0.0,g,kg,1000.0,Out of Stock,active,0.0,0.0,0.0,GBP,0.0,0.0,"","",2026-07-17 14:30:52 +0100,2026-07-17 14:30:52 +0100
21558618,626,Roll With Spinach And Cheese,,"","","","",yes,0.0,0.0,0.0,g,kg,1000.0,Out of Stock,active,0.0,0.0,0.0,GBP,0.0,0.0,"","",2026-07-17 14:30:52 +0100,2026-07-17 14:30:52 +0100
21558612,622,Seabass (Whole),,"","","","",yes,0.0,0.0,0.0,g,kg,1000.0,Out of Stock,active,0.0,0.0,0.0,GBP,0.0,0.0,"","",2026-07-17 14:30:52 +0100,2026-07-17 14:30:52 +0100
21558603,619,Red Potato,,"","","","",yes,0.0,0.0,0.0,g,kg,1000.0,Out of Stock,active,0.0,0.0,0.0,GBP,0.0,0.0,"","",2026-07-17 14:30:52 +0100,2026-07-17 14:30:52 +0100
21558546,552,Whole Roasted Hazelnuts,,"","","","",yes,0.0,0.0,0.0,g,kg,1000.0,Out of Stock,active,0.0,0.0,0.0,GBP,0.0,0.0,"","",2026-07-17 14:30:52 +0100,2026-07-17 14:30:52 +0100
21558597,612,Roll With Cheese,,"","","","",yes,0.0,0.0,0.0,g,kg,1000.0,Out of Stock,active,0.0,0.0,0.0,GBP,0.0,0.0,"","",2026-07-17 14:30:52 +0100,2026-07-17 14:30:52 +0100
21558606,620,Creamed Coconut,,"","","","",yes,0.0,0.0,0.0,g,kg,1000.0,Out of Stock,active,0.0,0.0,0.0,GBP,0.0,0.0,"","",2026-07-17 14:30:52 +0100,2026-07-17 14:30:52 +0100
21558567,568,Fish Pie Mix,,"","","","",yes,0.0,0.0,0.0,g,kg,1000.0,Out of Stock,active,0.0,0.0,0.0,GBP,0.0,0.0,"","",2026-07-17 14:30:52 +0100,2026-07-17 14:30:52 +0100
21558591,606,Oreo Crumb,,"","","","",yes,5600.0,0.0,0.0,g,kg,1000.0,In Stock,active,0.0,0.0,0.0,GBP,5600.0,0.0,"","",2026-07-17 14:30:52 +0100,2026-07-17 14:30:52 +0100
21558585,604,Box for Freezer 14 Pies,,"","","","",yes,0.0,0.0,0.0,g,kg,1000.0,Out of Stock,active,0.0,0.0,0.0,GBP,0.0,0.0,"","",2026-07-17 14:30:52 +0100,2026-07-17 14:30:52 +0100
21558588,605,Cheese Burger Slices,,"","","","",yes,0.0,0.0,0.0,g,kg,1000.0,Out of Stock,active,0.0,0.0,0.0,GBP,0.0,0.0,"","",2026-07-17 14:30:52 +0100,2026-07-17 14:30:52 +0100
21558564,560,Vegan Mozarella (Violife),,"","","","",yes,0.0,0.0,0.0,g,kg,1000.0,Out of Stock,active,0.0,0.0,0.0,GBP,0.0,0.0,"","",2026-07-17 14:30:52 +0100,2026-07-17 14:30:52 +0100
21558579,602,Poppy Seed Paste,,"","","","",yes,4200.0,0.0,0.0,g,kg,1000.0,In Stock,active,0.0,0.0,0.0,GBP,4200.0,0.0,"","",2026-07-17 14:30:52 +0100,2026-07-17 14:30:52 +0100
21558573,589,Peach Slices in Syrup (Tinned),,"","","","",yes,0.0,0.0,0.0,g,kg,1000.0,Out of Stock,active,0.0,0.0,0.0,GBP,0.0,0.0,"","",2026-07-17 14:30:52 +0100,2026-07-17 14:30:52 +0100
21558582,603,Flow Wrap Roll Ovenable,,"","","","",yes,0.0,0.0,0.0,g,kg,1000.0,Out of Stock,active,0.0,0.0,0.0,GBP,0.0,0.0,"","",2026-07-17 14:30:52 +0100,2026-07-17 14:30:52 +0100
21558576,600,Cooked Pulled Pork,,"","","","",yes,0.0,0.0,0.0,g,kg,1000.0,Out of Stock,active,0.0,0.0,0.0,GBP,0.0,0.0,"","",2026-07-17 14:30:52 +0100,2026-07-17 14:30:52 +0100
21558558,556,BBQ Sauce,,"","","","",yes,5000.0,0.0,0.0,g,kg,1000.0,In Stock,active,0.0,0.0,0.0,GBP,5000.0,0.0,"","",2026-07-17 14:30:52 +0100,2026-07-17 14:30:52 +0100
21558570,580,Linseed (Golden),,"","","","",yes,0.0,0.0,0.0,g,kg,1000.0,Out of Stock,active,0.0,0.0,0.0,GBP,0.0,0.0,"","",2026-07-17 14:30:52 +0100,2026-07-17 14:30:52 +0100
21558555,555,Pork Meat,,"","","","",yes,0.0,0.0,0.0,g,kg,1000.0,Out of Stock,active,0.0,0.0,0.0,GBP,0.0,0.0,"","",2026-07-17 14:30:52 +0100,2026-07-17 14:30:52 +0100
21558495,510,Packing Paper,,"","","","",yes,0.0,0.0,0.0,g,kg,1000.0,Out of Stock,active,0.0,0.0,0.0,GBP,0.0,0.0,"","",2026-07-17 14:30:51 +0100,2026-07-17 14:30:51 +0100
21558552,554,Beans Black Turtle (Canned),,"","","","",yes,0.0,0.0,0.0,g,kg,1000.0,Out of Stock,active,0.0,0.0,0.0,GBP,0.0,0.0,"","",2026-07-17 14:30:52 +0100,2026-07-17 14:30:52 +0100
21558282,309,Mushroom Seasoning,,"","","","",yes,0.0,0.0,0.0,g,kg,1000.0,Out of Stock,active,0.0,0.0,0.0,GBP,0.0,0.0,"","",2026-07-17 14:30:49 +0100,2026-07-17 14:30:49 +0100
21558276,305,Ground Golden Linseeds,,"","","","",yes,0.0,0.0,0.0,g,kg,1000.0,Out of Stock,active,0.0,0.0,0.0,GBP,0.0,0.0,"","",2026-07-17 14:30:49 +0100,2026-07-17 14:30:49 +0100
21558255,299,Diastatic Wheat Malt,,"","","","",yes,22000.0,0.0,0.0,g,kg,1000.0,In Stock,active,0.0,0.0,0.0,GBP,22000.0,0.0,"","",2026-07-17 14:30:49 +0100,2026-07-17 14:30:49 +0100
21558279,306,Redcurrant (Frozen),,"","","","",yes,0.0,0.0,0.0,g,kg,1000.0,Out of Stock,active,0.0,0.0,0.0,GBP,0.0,0.0,"","",2026-07-17 14:30:49 +0100,2026-07-17 14:30:49 +0100
21558261,301,Chickpeas (Tinned),,"","","","",yes,720.0,0.0,0.0,g,kg,1000.0,In Stock,active,0.0,0.0,0.0,GBP,720.0,0.0,"","",2026-07-17 14:30:49 +0100,2026-07-17 14:30:49 +0100
21558258,300,Cream of Tartar,,"","","","",yes,0.0,0.0,0.0,g,kg,1000.0,Out of Stock,active,0.0,0.0,0.0,GBP,0.0,0.0,"","",2026-07-17 14:30:49 +0100,2026-07-17 14:30:49 +0100
21558264,301a,Chickpeas (Frozen),,"","","","",yes,0.0,0.0,0.0,g,kg,1000.0,Out of Stock,active,0.0,0.0,0.0,GBP,0.0,0.0,"","",2026-07-17 14:30:49 +0100,2026-07-17 14:30:49 +0100
21558231,280,Blackcurrant Syrup,,"","","","",yes,0.0,0.0,0.0,g,kg,1000.0,Out of Stock,active,0.0,0.0,0.0,GBP,0.0,0.0,"","",2026-07-17 14:30:49 +0100,2026-07-17 14:30:49 +0100
21558240,289,Chili (Fresh),,"","","","",yes,0.0,0.0,0.0,g,kg,1000.0,Out of Stock,active,0.0,0.0,0.0,GBP,0.0,0.0,"","",2026-07-17 14:30:49 +0100,2026-07-17 14:30:49 +0100
21558252,298,Xantham Gum,,"","","","",yes,0.0,0.0,0.0,g,kg,1000.0,Out of Stock,active,0.0,0.0,0.0,GBP,0.0,0.0,"","",2026-07-17 14:30:49 +0100,2026-07-17 14:30:49 +0100
21558198,264,Sweetheart cabbage,,"","","","",yes,0.0,0.0,0.0,g,kg,1000.0,Out of Stock,active,0.0,0.0,0.0,GBP,0.0,0.0,"","",2026-07-17 14:30:49 +0100,2026-07-17 14:30:49 +0100
21558216,272,Cornflour,,"","","","",yes,0.0,0.0,0.0,g,kg,1000.0,Out of Stock,active,0.0,0.0,0.0,GBP,0.0,0.0,"","",2026-07-17 14:30:49 +0100,2026-07-17 14:30:49 +0100
21558213,270,Yogurt/Kefir,,"","","","",yes,0.0,0.0,0.0,g,kg,1000.0,Out of Stock,active,0.0,0.0,0.0,GBP,0.0,0.0,"","",2026-07-17 14:30:49 +0100,2026-07-17 14:30:49 +0100
21558201,266,Vietnamese Forest Pepper,,"","","","",yes,0.0,0.0,0.0,g,kg,1000.0,Out of Stock,active,0.0,0.0,0.0,GBP,0.0,0.0,"","",2026-07-17 14:30:49 +0100,2026-07-17 14:30:49 +0100
21558246,296,Caster Sugar,,"","","","",yes,0.0,0.0,0.0,g,kg,1000.0,Out of Stock,active,0.0,0.0,0.0,GBP,0.0,0.0,"","",2026-07-17 14:30:49 +0100,2026-07-17 14:30:49 +0100
21558210,269,Yellow Mustard Seeds,,"","","","",yes,0.0,0.0,0.0,g,kg,1000.0,Out of Stock,active,0.0,0.0,0.0,GBP,0.0,0.0,"","",2026-07-17 14:30:49 +0100,2026-07-17 14:30:49 +0100
21558207,268,Walnut Pieces,,"","","","",yes,10300.0,0.0,0.0,g,kg,1000.0,In Stock,active,0.0,0.0,0.0,GBP,10300.0,0.0,"","",2026-07-17 14:30:49 +0100,2026-07-17 14:30:49 +0100
21558222,276,Rosemary (Fresh),,"","","","",yes,0.0,0.0,0.0,g,kg,1000.0,Out of Stock,active,0.0,0.0,0.0,GBP,0.0,0.0,"","",2026-07-17 14:30:49 +0100,2026-07-17 14:30:49 +0100
21558225,662,Sesame Oil,,"","","","",yes,12000.0,0.0,0.0,g,kg,1000.0,In Stock,active,0.0,0.0,0.0,GBP,12000.0,0.0,"","",2026-07-17 14:30:49 +0100,2026-07-17 14:30:49 +0100
21558177,256,Raw Lamb ,,"","","","",yes,0.0,0.0,0.0,g,kg,1000.0,Out of Stock,active,0.0,0.0,0.0,GBP,0.0,0.0,"","",2026-07-17 14:30:48 +0100,2026-07-17 14:30:48 +0100
21558204,267,Vital Wheat Gluten,,"","","","",yes,0.0,0.0,0.0,g,kg,1000.0,Out of Stock,active,0.0,0.0,0.0,GBP,0.0,0.0,"","",2026-07-17 14:30:49 +0100,2026-07-17 14:30:49 +0100
21558192,262,Sweet Pepper Paste,,"","","","",yes,0.0,0.0,0.0,g,kg,1000.0,Out of Stock,active,0.0,0.0,0.0,GBP,0.0,0.0,"","",2026-07-17 14:30:48 +0100,2026-07-17 14:30:48 +0100
21558195,263,Sweetcorn (frozen),,"","","","",yes,0.0,0.0,0.0,g,kg,1000.0,Out of Stock,active,0.0,0.0,0.0,GBP,0.0,0.0,"","",2026-07-17 14:30:48 +0100,2026-07-17 14:30:48 +0100
21558189,261,Sriracha Sauce,,"","","","",yes,0.0,0.0,0.0,g,kg,1000.0,Out of Stock,active,0.0,0.0,0.0,GBP,0.0,0.0,"","",2026-07-17 14:30:48 +0100,2026-07-17 14:30:48 +0100
21558186,260,Sour Cream,,"","","","",yes,0.0,0.0,0.0,g,kg,1000.0,Out of Stock,active,0.0,0.0,0.0,GBP,0.0,0.0,"","",2026-07-17 14:30:48 +0100,2026-07-17 14:30:48 +0100
21558183,259,Poppy Seeds,,"","","","",yes,0.0,0.0,0.0,g,kg,1000.0,Out of Stock,active,0.0,0.0,0.0,GBP,0.0,0.0,"","",2026-07-17 14:30:48 +0100,2026-07-17 14:30:48 +0100
21558168,252,Celery (Raw),,"","","","",yes,0.0,0.0,0.0,g,kg,1000.0,Out of Stock,active,0.0,0.0,0.0,GBP,0.0,0.0,"","",2026-07-17 14:30:48 +0100,2026-07-17 14:30:48 +0100
21558165,250,Aubergine (Fresh),,"","","","",yes,0.0,0.0,0.0,g,kg,1000.0,Out of Stock,active,0.0,0.0,0.0,GBP,0.0,0.0,"","",2026-07-17 14:30:48 +0100,2026-07-17 14:30:48 +0100
21558126,238,Maize Flour,,"","","","",yes,0.0,0.0,0.0,g,kg,1000.0,Out of Stock,active,0.0,0.0,0.0,GBP,0.0,0.0,"","",2026-07-17 14:30:48 +0100,2026-07-17 14:30:48 +0100
21558162,249,Tricolour Quinoa (ORG),,"","","","",yes,0.0,0.0,0.0,g,kg,1000.0,Out of Stock,active,0.0,0.0,0.0,GBP,0.0,0.0,"","",2026-07-17 14:30:48 +0100,2026-07-17 14:30:48 +0100
21558159,247a,"Potato (Diced, Cooked, Frozen)",,"","","","",yes,0.0,0.0,0.0,g,kg,1000.0,Out of Stock,active,0.0,0.0,0.0,GBP,0.0,0.0,"","",2026-07-17 14:30:48 +0100,2026-07-17 14:30:48 +0100
21558141,242b,Sea Salt (Maldon),,"","","","",yes,0.0,0.0,0.0,g,kg,1000.0,Out of Stock,active,0.0,0.0,0.0,GBP,0.0,0.0,"","",2026-07-17 14:30:48 +0100,2026-07-17 14:30:48 +0100
21558135,242,Organic Salt (Fine),,"","","","",yes,0.0,0.0,0.0,g,kg,910.0,Out of Stock,active,0.0,0.0,0.0,GBP,0.0,0.0,"","",2026-07-17 14:30:48 +0100,2026-07-17 14:30:48 +0100
21558123,237a,Leek (Fresh),,"","","","",yes,0.0,0.0,0.0,g,kg,1000.0,Out of Stock,active,0.0,0.0,0.0,GBP,0.0,0.0,"","",2026-07-17 14:30:48 +0100,2026-07-17 14:30:48 +0100
21558132,241,Nduja Chorizo Paste,,"","","","",yes,0.0,0.0,0.0,g,kg,1000.0,Out of Stock,active,0.0,0.0,0.0,GBP,0.0,0.0,"","",2026-07-17 14:30:48 +0100,2026-07-17 14:30:48 +0100
21558144,243,Pancetta,,"","","","",yes,0.0,0.0,0.0,g,kg,1000.0,Out of Stock,active,0.0,0.0,0.0,GBP,0.0,0.0,"","",2026-07-17 14:30:48 +0100,2026-07-17 14:30:48 +0100
21558153,246,Pink Peppercorns,,"","","","",yes,0.0,0.0,0.0,g,kg,1000.0,Out of Stock,active,0.0,0.0,0.0,GBP,0.0,0.0,"","",2026-07-17 14:30:48 +0100,2026-07-17 14:30:48 +0100
21558084,220,Egg Yolk,,"","","","",yes,0.0,0.0,0.0,g,kg,1000.0,Out of Stock,active,0.0,0.0,0.0,GBP,0.0,0.0,"","",2026-07-17 14:30:48 +0100,2026-07-17 14:30:48 +0100
21558156,247,Potato,,"","","","",yes,0.0,0.0,0.0,g,kg,1000.0,Out of Stock,active,0.0,0.0,0.0,GBP,0.0,0.0,"","",2026-07-17 14:30:48 +0100,2026-07-17 14:30:48 +0100
21558510,532,Bay Leaf (Whole),,"","","","",yes,90.0,0.0,60.0,g,kg,1000.0,In Stock,active,0.06645,0.06645,0.0,GBP,30.0,0.0,"","",2026-07-17 14:30:51 +0100,2026-08-07 17:34:05 +0100
21613689,032,Chicken Tikka Filling,,"","","","",yes,5000.0,0.0,5000.0,g,g,1.0,In Stock,active,0.00424,0.00424,0.0,GBP,0.0,0.0,Makro,"",2026-08-07 13:08:47 +0100,2026-08-07 17:34:05 +0100
21613680,017,Dark Chocolate Chips,,"","","","",yes,12500.0,0.0,12500.0,g,g,1.0,In Stock,active,0.00579,0.00579,0.0,GBP,0.0,0.0,S. Hukins,"",2026-08-07 12:37:44 +0100,2026-08-07 17:34:05 +0100
21558315,322,Icing Sugar,,"","","","",yes,25000.0,0.0,25000.0,g,kg,1000.0,In Stock,active,0.00085,0.00085,0.0,GBP,0.0,0.0,S. Hukin,"",2026-07-17 14:30:49 +0100,2026-07-17 15:53:31 +0100
21558267,302,"Apricots (Dried, Chopped)",,"","","","",yes,7500.0,0.0,7500.0,g,kg,1000.0,In Stock,active,0.00531,0.00531,0.0,GBP,0.0,0.0,S. Hukin,"",2026-07-17 14:30:49 +0100,2026-07-17 15:53:31 +0100
21557730,010,Cherry Tomatoes,,"","","","",yes,0.0,0.0,0.0,g,kg,1000.0,Out of Stock,active,0.0,0.0,0.0,GBP,0.0,0.0,"","",2026-07-17 14:30:44 +0100,2026-07-17 14:30:45 +0100
21557718,007a,Caramel Mini Cubes,,"","","","",yes,0.0,0.0,0.0,g,kg,1000.0,Out of Stock,active,0.0,0.0,0.0,GBP,0.0,0.0,"","",2026-07-17 14:30:44 +0100,2026-07-17 14:30:44 +0100
21557721,008,Caraway Seeds,,"","","","",yes,2500.0,0.0,0.0,g,kg,1000.0,In Stock,active,0.0,0.0,0.0,GBP,2500.0,0.0,"","",2026-07-17 14:30:44 +0100,2026-07-17 14:30:44 +0100
21557703,004c,Apple Pie Filling,,"","","","",yes,10000.0,0.0,0.0,g,kg,1000.0,In Stock,active,0.0,0.0,0.0,GBP,10000.0,0.0,"","",2026-07-17 14:30:44 +0100,2026-07-17 14:30:44 +0100
21557706,004d,Apple Mix Filling Dry,,"","","","",yes,10000.0,0.0,0.0,g,kg,1000.0,In Stock,active,0.0,0.0,0.0,GBP,10000.0,0.0,"","",2026-07-17 14:30:44 +0100,2026-07-17 14:30:44 +0100
21557694,004,Apple (Fresh),,"","","","",yes,0.0,0.0,0.0,g,kg,1000.0,Out of Stock,active,0.0,0.0,0.0,GBP,0.0,0.0,"","",2026-07-17 14:30:44 +0100,2026-07-17 14:30:44 +0100
21557700,004b,"Apple (Cubed, Frozen)",,"","","","",yes,0.0,0.0,0.0,g,kg,1000.0,Out of Stock,active,0.0,0.0,0.0,GBP,0.0,0.0,"","",2026-07-17 14:30:44 +0100,2026-07-17 14:30:44 +0100
21557697,004a,Baked Apple Puree,,"","","","",yes,0.0,0.0,0.0,g,kg,1000.0,Out of Stock,active,0.0,0.0,0.0,GBP,0.0,0.0,"","",2026-07-17 14:30:44 +0100,2026-07-17 14:30:44 +0100
21557691,003,Almond Milk,,"","","","",yes,0.0,0.0,0.0,g,kg,1000.0,Out of Stock,active,0.0,0.0,0.0,GBP,0.0,0.0,"","",2026-07-17 14:30:44 +0100,2026-07-17 14:30:44 +0100
21558174,254,Mushroom (Fresh),,"","","","",yes,29924.0,0.0,0.0,g,kg,1000.0,In Stock,active,0.0012,0.0012,0.0,GBP,94500.0,0.0012,"","",2026-07-17 14:30:48 +0100,2026-07-20 16:14:32 +0100
21557970,104,Chopped Spring Onion,,"","","","",yes,0.0,0.0,0.0,g,kg,1000.0,Out of Stock,active,0.0,0.0,0.0,GBP,0.0,0.0,"","",2026-07-17 14:30:47 +0100,2026-07-17 14:30:47 +0100
21557973,104a,Spring Onion,,"","","","",yes,0.0,0.0,0.0,g,kg,1000.0,Out of Stock,active,0.0,0.0,0.0,GBP,0.0,0.0,"","",2026-07-17 14:30:47 +0100,2026-07-17 14:30:47 +0100
21557955,096,Coriander Seeds,,"","","","",yes,3000.0,0.0,0.0,g,kg,1000.0,In Stock,active,0.0,0.0,0.0,GBP,3000.0,0.0,"","",2026-07-17 14:30:46 +0100,2026-07-17 14:30:46 +0100
21557715,007,Caramel Millionaire ,,"","","","",yes,10000.0,0.0,0.0,g,kg,1000.0,In Stock,active,0.0,0.0,0.0,GBP,10000.0,0.0,"","",2026-07-17 14:30:44 +0100,2026-07-17 14:30:44 +0100
21557769,022a,Semolina (Fine),,"","","","",yes,24500.0,0.0,0.0,g,kg,1000.0,In Stock,active,0.0,0.0,0.0,GBP,24500.0,0.0,"","",2026-07-17 14:30:45 +0100,2026-07-17 14:30:45 +0100
21557937,077,Dark Rye Malt,,"","","","",yes,0.0,0.0,0.0,g,kg,1000.0,Out of Stock,active,0.0,0.0,0.0,GBP,0.0,0.0,"","",2026-07-17 14:30:46 +0100,2026-07-17 14:30:46 +0100
21557946,081,Condensed Milk,,"","","","",yes,16674.0,0.0,0.0,g,kg,1000.0,In Stock,active,0.0,0.0,0.0,GBP,16674.0,0.0,"","",2026-07-17 14:30:46 +0100,2026-07-17 14:30:46 +0100
21557943,080,Honey (Clear),,"","","","",yes,4500.0,0.0,0.0,g,kg,1000.0,In Stock,active,0.0,0.0,0.0,GBP,4500.0,0.0,"","",2026-07-17 14:30:46 +0100,2026-07-17 14:30:46 +0100
21557934,075,Fresh Herb Mix (Parsley+Dill),,"","","","",yes,0.0,0.0,0.0,g,kg,1000.0,Out of Stock,active,0.0,0.0,0.0,GBP,0.0,0.0,"","",2026-07-17 14:30:46 +0100,2026-07-17 14:30:46 +0100
21557913,065,Vanilla Flavouring,,"","","","",yes,17500.0,0.0,0.0,g,kg,1000.0,In Stock,active,0.0,0.0,0.0,GBP,17500.0,0.0,"","",2026-07-17 14:30:46 +0100,2026-07-17 14:30:46 +0100
21557922,068,Sili Bake (Siliconised Paper),,"","","","",yes,0.0,0.0,0.0,g,kg,1000.0,Out of Stock,active,0.0,0.0,0.0,GBP,0.0,0.0,"","",2026-07-17 14:30:46 +0100,2026-07-17 14:30:46 +0100
21557931,074,Oyster Mushroom,,"","","","",yes,0.0,0.0,0.0,g,kg,1000.0,Out of Stock,active,0.0,0.0,0.0,GBP,0.0,0.0,"","",2026-07-17 14:30:46 +0100,2026-07-17 14:30:46 +0100
21557916,066,Plant Butter,,"","","","",yes,0.0,0.0,0.0,g,kg,1000.0,Out of Stock,active,0.0,0.0,0.0,GBP,0.0,0.0,"","",2026-07-17 14:30:46 +0100,2026-07-17 14:30:46 +0100
21557919,067,Grated Vegan Cheese (Violife),,"","","","",yes,0.0,0.0,0.0,g,kg,1000.0,Out of Stock,active,0.0,0.0,0.0,GBP,0.0,0.0,"","",2026-07-17 14:30:46 +0100,2026-07-17 14:30:46 +0100
21557898,061,Sundried Tomatoes,,"","","","",yes,0.0,0.0,0.0,g,kg,1000.0,Out of Stock,active,0.0,0.0,0.0,GBP,0.0,0.0,"","",2026-07-17 14:30:46 +0100,2026-07-17 14:30:46 +0100
21557907,063,Sweet Potato,,"","","","",yes,0.0,0.0,0.0,g,kg,1000.0,Out of Stock,active,0.0,0.0,0.0,GBP,0.0,0.0,"","",2026-07-17 14:30:46 +0100,2026-07-17 14:30:46 +0100
21557901,061a,Oil From Sundried Tomatoes,,"","","","",yes,0.0,0.0,0.0,g,kg,1000.0,Out of Stock,active,0.0,0.0,0.0,GBP,0.0,0.0,"","",2026-07-17 14:30:46 +0100,2026-07-17 14:30:46 +0100
21557874,054a,Roasted Red Pepper,,"","","","",yes,0.0,0.0,0.0,g,kg,1000.0,Out of Stock,active,0.0,0.0,0.0,GBP,0.0,0.0,"","",2026-07-17 14:30:46 +0100,2026-07-17 14:30:46 +0100
21557886,057,Spinach (Frozen),,"","","","",yes,0.0,0.0,0.0,g,kg,1000.0,Out of Stock,active,0.0,0.0,0.0,GBP,0.0,0.0,"","",2026-07-17 14:30:46 +0100,2026-07-17 14:30:46 +0100
21557871,054,"Pepper (Red, Roasted)",,"","","","",yes,12000.0,0.0,0.0,g,kg,1000.0,In Stock,active,0.0,0.0,0.0,GBP,12000.0,0.0,"","",2026-07-17 14:30:46 +0100,2026-07-17 14:30:46 +0100
21557877,054b,Red Pepper (Fresh),,"","","","",yes,0.0,0.0,0.0,g,kg,1000.0,Out of Stock,active,0.0,0.0,0.0,GBP,0.0,0.0,"","",2026-07-17 14:30:46 +0100,2026-07-17 14:30:46 +0100
21557889,058,Squash,,"","","","",yes,0.0,0.0,0.0,g,kg,1000.0,Out of Stock,active,0.0,0.0,0.0,GBP,0.0,0.0,"","",2026-07-17 14:30:46 +0100,2026-07-17 14:30:46 +0100
21557868,053,Red Lentils (Split),,"","","","",yes,50000.0,0.0,0.0,g,kg,1000.0,In Stock,active,0.0,0.0,0.0,GBP,50000.0,0.0,"","",2026-07-17 14:30:46 +0100,2026-07-17 14:30:46 +0100
21557835,042,Moroccan Seasoning,,"","","","",yes,0.0,0.0,0.0,g,kg,1000.0,Out of Stock,active,0.0,0.0,0.0,GBP,0.0,0.0,"","",2026-07-17 14:30:45 +0100,2026-07-17 14:30:45 +0100
21557847,046,Petits Pois Frozen),,"","","","",yes,0.0,0.0,0.0,g,kg,1000.0,Out of Stock,active,0.0,0.0,0.0,GBP,0.0,0.0,"","",2026-07-17 14:30:46 +0100,2026-07-17 14:30:46 +0100
21557808,034,Kale,,"","","","",yes,0.0,0.0,0.0,g,kg,1000.0,Out of Stock,active,0.0,0.0,0.0,GBP,0.0,0.0,"","",2026-07-17 14:30:45 +0100,2026-07-17 14:30:45 +0100
21557802,031,Cumin (Ground),,"","","","",yes,5000.0,0.0,0.0,g,kg,1000.0,In Stock,active,0.0,0.0,0.0,GBP,5000.0,0.0,"","",2026-07-17 14:30:45 +0100,2026-07-17 14:30:45 +0100
21557805,033,Fine Himalayan Pink Salt,,"","","","",yes,1800.0,0.0,0.0,g,kg,1000.0,In Stock,active,0.0,0.0,0.0,GBP,1800.0,0.0,"","",2026-07-17 14:30:45 +0100,2026-07-17 14:30:45 +0100
21557817,036,"Leek (Green, Raw, Sliced)",,"","","","",yes,0.0,0.0,0.0,g,kg,1000.0,Out of Stock,active,0.0,0.0,0.0,GBP,0.0,0.0,"","",2026-07-17 14:30:45 +0100,2026-07-17 14:30:45 +0100
21557796,030,Rhubarb (Fresh),,"","","","",yes,0.0,0.0,0.0,g,kg,1000.0,Out of Stock,active,0.0,0.0,0.0,GBP,0.0,0.0,"","",2026-07-17 14:30:45 +0100,2026-07-17 14:30:45 +0100
21557811,035,Egg (Large),,"","","","",yes,22800.0,0.0,0.0,g,kg,1000.0,In Stock,active,0.0,0.0,0.0,GBP,22800.0,0.0,"","",2026-07-17 14:30:45 +0100,2026-07-17 14:30:45 +0100
21557793,029,"Black Pepper (Ground, Coarse)",,"","","","",yes,13000.0,0.0,0.0,g,kg,1000.0,In Stock,active,0.0,0.0,0.0,GBP,13000.0,0.0,"","",2026-07-17 14:30:45 +0100,2026-07-17 14:30:45 +0100
21557784,026,Goats Cheese,,"","","","",yes,1350.0,0.0,0.0,g,kg,1000.0,In Stock,active,0.0,0.0,0.0,GBP,1350.0,0.0,"","",2026-07-17 14:30:45 +0100,2026-07-17 14:30:45 +0100
21557799,030a,Rhubarb (Tinned),,"","","","",yes,11280.0,0.0,0.0,g,kg,1000.0,In Stock,active,0.0,0.0,0.0,GBP,11280.0,0.0,"","",2026-07-17 14:30:45 +0100,2026-07-17 14:30:45 +0100
21557772,022b,Krupchatka,,"","","","",yes,20300.0,0.0,0.0,g,kg,1000.0,In Stock,active,0.0,0.0,0.0,GBP,20300.0,0.0,"","",2026-07-17 14:30:45 +0100,2026-07-17 14:30:45 +0100
21557775,023,Dill (Fresh),,"","","","",yes,0.0,0.0,0.0,g,kg,1000.0,Out of Stock,active,0.0,0.0,0.0,GBP,0.0,0.0,"","",2026-07-17 14:30:45 +0100,2026-07-17 14:30:45 +0100
21557766,022,Semolina (Coarse),,"","","","",yes,0.0,0.0,0.0,g,kg,1000.0,Out of Stock,active,0.0,0.0,0.0,GBP,0.0,0.0,"","",2026-07-17 14:30:45 +0100,2026-07-17 14:30:45 +0100
21557748,015,Cumin Seeds,,"","","","",yes,5000.0,0.0,0.0,g,kg,1000.0,In Stock,active,0.0,0.0,0.0,GBP,5000.0,0.0,"","",2026-07-17 14:30:45 +0100,2026-07-17 14:30:45 +0100
21557736,011a,Diced Onion (Frozen),,"","","","",yes,0.0,0.0,0.0,g,kg,1000.0,Out of Stock,active,0.0,0.0,0.0,GBP,0.0,0.0,"","",2026-07-17 14:30:45 +0100,2026-07-17 14:30:45 +0100
21557727,009a,Salad Cheese (Feta Cheese),,"","","","",yes,0.0,0.0,0.0,g,kg,1000.0,Out of Stock,active,0.0,0.0,0.0,GBP,0.0,0.0,"","",2026-07-17 14:30:44 +0100,2026-07-17 14:30:44 +0100
21558486,412,Desiccated Coconut,,"","","","",yes,29000.0,0.0,29000.0,g,kg,1000.0,In Stock,active,0.00327,0.00327,0.0,GBP,0.0,0.0,Makro,"",2026-07-17 14:30:51 +0100,2026-07-17 16:34:54 +0100
21558681,654,Turkish Raisins,,"","","","",yes,0.0,0.0,0.0,g,kg,1000.0,Out of Stock,active,0.0,0.0,0.0,GBP,0.0,0.0,"","",2026-07-17 14:30:53 +0100,2026-07-17 14:30:53 +0100
21558684,655,Sultanas,,"","","","",yes,0.0,0.0,0.0,g,kg,1000.0,Out of Stock,active,0.0,0.0,0.0,GBP,0.0,0.0,"","",2026-07-17 14:30:53 +0100,2026-07-17 14:30:53 +0100
21558633,633,Emmental Cheese,,"","","","",yes,0.0,0.0,0.0,g,kg,1000.0,Out of Stock,active,0.0,0.0,0.0,GBP,0.0,0.0,"","",2026-07-17 14:30:52 +0100,2026-07-17 14:30:52 +0100
21558372,344,Olive Oil (Light),,"","","","",yes,3700.0,0.0,0.0,g,kg,1000.0,In Stock,active,0.0,0.0,0.0,GBP,3700.0,0.0,"","",2026-07-17 14:30:50 +0100,2026-07-17 14:30:50 +0100
21558693,659,"Salt (Rock, Fine) K1.4-0.4",,"","","","",yes,49000.0,0.0,0.0,g,kg,1000.0,In Stock,active,0.0,0.0,0.0,GBP,49000.0,0.0,"","",2026-07-17 14:30:53 +0100,2026-07-17 14:30:53 +0100
21558699,661,Garlic Paste,,"","","","",yes,0.0,0.0,0.0,g,kg,1000.0,Out of Stock,active,0.0,0.0,0.0,GBP,0.0,0.0,"","",2026-07-17 14:30:53 +0100,2026-07-17 14:30:53 +0100
21558273,304,Bougatsa (Vanilla Danish),,"","","","",yes,200.0,0.0,200.0,item,item,1.0,In Stock,active,0.998,0.998,0.0,GBP,0.0,0.0,"","",2026-07-17 14:30:49 +0100,2026-07-17 16:49:09 +0100
21558147,244,Pastel De Nata,,"","","","",yes,624.0,0.0,624.0,pieces,box,104.0,In Stock,active,0.51692,0.51692,0.0,GBP,0.0,0.0,"","",2026-07-17 14:30:48 +0100,2026-07-17 16:47:21 +0100
21558129,239,Mushroom Paste,,"","","","",yes,0.0,0.0,0.0,g,kg,1000.0,Out of Stock,active,0.0,0.0,0.0,GBP,0.0,0.0,"","",2026-07-17 14:30:48 +0100,2026-07-17 14:30:48 +0100
21558093,224,Prawns,,"","","","",yes,0.0,0.0,0.0,g,kg,1000.0,Out of Stock,active,0.0,0.0,0.0,GBP,0.0,0.0,"","",2026-07-17 14:30:48 +0100,2026-07-17 14:30:48 +0100
21558117,234,Henderson Relish,,"","","","",yes,0.0,0.0,0.0,g,kg,1000.0,Out of Stock,active,0.0,0.0,0.0,GBP,0.0,0.0,"","",2026-07-17 14:30:48 +0100,2026-07-17 14:30:48 +0100
21558108,230,Cheddar Cheese,,"","","","",yes,0.0,0.0,0.0,g,kg,1000.0,Out of Stock,active,0.0,0.0,0.0,GBP,0.0,0.0,"","",2026-07-17 14:30:48 +0100,2026-07-17 14:30:48 +0100
21558114,233,Parmesan (Ground),,"","","","",yes,0.0,0.0,0.0,g,kg,1000.0,Out of Stock,active,0.0,0.0,0.0,GBP,0.0,0.0,"","",2026-07-17 14:30:48 +0100,2026-07-17 14:30:48 +0100
21558102,228,Goats Cheese (Large Log),,"","","","",yes,0.0,0.0,0.0,g,kg,1000.0,Out of Stock,active,0.0,0.0,0.0,GBP,0.0,0.0,"","",2026-07-17 14:30:48 +0100,2026-07-17 14:30:48 +0100
21558072,215,Crispy Fried Onions,,"","","","",yes,0.0,0.0,0.0,g,kg,1000.0,Out of Stock,active,0.0,0.0,0.0,GBP,0.0,0.0,"","",2026-07-17 14:30:47 +0100,2026-07-17 14:30:47 +0100
21558111,232,Nutmeg (Ground),,"","","","",yes,0.0,0.0,0.0,g,kg,1000.0,Out of Stock,active,0.0,0.0,0.0,GBP,0.0,0.0,"","",2026-07-17 14:30:48 +0100,2026-07-17 14:30:48 +0100
21558090,223,Coriander (Fresh),,"","","","",yes,0.0,0.0,0.0,g,kg,1000.0,Out of Stock,active,0.0,0.0,0.0,GBP,0.0,0.0,"","",2026-07-17 14:30:48 +0100,2026-07-17 14:30:48 +0100
21558099,227,Gherkins,,"","","","",yes,0.0,0.0,0.0,g,kg,1000.0,Out of Stock,active,0.0,0.0,0.0,GBP,0.0,0.0,"","",2026-07-17 14:30:48 +0100,2026-07-17 14:30:48 +0100
21558105,228a,Goats Cheese (Large With Rind),,"","","","",yes,0.0,0.0,0.0,g,kg,1000.0,Out of Stock,active,0.0,0.0,0.0,GBP,0.0,0.0,"","",2026-07-17 14:30:48 +0100,2026-07-17 14:30:48 +0100
21558078,217,Dried Cranberries,,"","","","",yes,0.0,0.0,0.0,g,kg,1000.0,Out of Stock,active,0.0,0.0,0.0,GBP,0.0,0.0,"","",2026-07-17 14:30:47 +0100,2026-07-17 14:30:47 +0100
21558042,203,Chestnut Mousse,,"","","","",yes,0.0,0.0,0.0,g,kg,1000.0,Out of Stock,active,0.0,0.0,0.0,GBP,0.0,0.0,"","",2026-07-17 14:30:47 +0100,2026-07-17 14:30:47 +0100
21558069,214,Cranberries in Sugar,,"","","","",yes,0.0,0.0,0.0,g,kg,1000.0,Out of Stock,active,0.0,0.0,0.0,GBP,0.0,0.0,"","",2026-07-17 14:30:47 +0100,2026-07-17 14:30:47 +0100
21558096,226,Lingonberries (Frozen),,"","","","",yes,0.0,0.0,0.0,g,kg,1000.0,Out of Stock,active,0.0,0.0,0.0,GBP,0.0,0.0,"","",2026-07-17 14:30:48 +0100,2026-07-17 14:30:48 +0100
21558048,204a,Smoked Bacon,,"","","","",yes,0.0,0.0,0.0,g,kg,1000.0,Out of Stock,active,0.0,0.0,0.0,GBP,0.0,0.0,"","",2026-07-17 14:30:47 +0100,2026-07-17 14:30:47 +0100
21558063,212,Coconut Oil,,"","","","",yes,0.0,0.0,0.0,g,kg,1000.0,Out of Stock,active,0.0,0.0,0.0,GBP,0.0,0.0,"","",2026-07-17 14:30:47 +0100,2026-07-17 14:30:47 +0100
21558045,204,Bacon Pieces,,"","","","",yes,0.0,0.0,0.0,g,kg,1000.0,Out of Stock,active,0.0,0.0,0.0,GBP,0.0,0.0,"","",2026-07-17 14:30:47 +0100,2026-07-17 14:30:47 +0100
21558054,206,Beef (5% Fat),,"","","","",yes,0.0,0.0,0.0,g,kg,1000.0,Out of Stock,active,0.0,0.0,0.0,GBP,0.0,0.0,"","",2026-07-17 14:30:47 +0100,2026-07-17 14:30:47 +0100
21558021,127,Applewood Smoked Vegan Cheese,,"","","","",yes,0.0,0.0,0.0,g,kg,1000.0,Out of Stock,active,0.0,0.0,0.0,GBP,0.0,0.0,"","",2026-07-17 14:30:47 +0100,2026-07-17 14:30:47 +0100
21558057,207,Chicken Breast,,"","","","",yes,0.0,0.0,0.0,g,kg,1000.0,Out of Stock,active,0.0,0.0,0.0,GBP,0.0,0.0,"","",2026-07-17 14:30:47 +0100,2026-07-17 14:30:47 +0100
21558024,128,Mediterranean Vegan Block (Violife),,"","","","",yes,0.0,0.0,0.0,g,kg,1000.0,Out of Stock,active,0.0,0.0,0.0,GBP,0.0,0.0,"","",2026-07-17 14:30:47 +0100,2026-07-17 14:30:47 +0100
21558039,209,Breadcrumbs (Panko),,"","","","",yes,2500.0,0.0,0.0,g,kg,1000.0,In Stock,active,0.0,0.0,0.0,GBP,2500.0,0.0,"","",2026-07-17 14:30:47 +0100,2026-07-17 14:30:47 +0100
21558036,202,Breadcrumbs (Natural),,"","","","",yes,11000.0,0.0,0.0,g,kg,1000.0,In Stock,active,0.0,0.0,0.0,GBP,11000.0,0.0,"","",2026-07-17 14:30:47 +0100,2026-07-17 14:30:47 +0100
21558030,134a,"Chestnut Mushroom (Diced, Frozen)",,"","","","",yes,0.0,0.0,0.0,g,kg,1000.0,Out of Stock,active,0.0,0.0,0.0,GBP,0.0,0.0,"","",2026-07-17 14:30:47 +0100,2026-07-17 14:30:47 +0100
21557982,107,Ginger (Ground),,"","","","",yes,1600.0,0.0,0.0,g,kg,1000.0,In Stock,active,0.0,0.0,0.0,GBP,1600.0,0.0,"","",2026-07-17 14:30:47 +0100,2026-07-17 14:30:47 +0100
21558009,119,Milled Flaxseed (Organic),,"","","","",yes,0.0,0.0,0.0,g,kg,1000.0,Out of Stock,active,0.0,0.0,0.0,GBP,0.0,0.0,"","",2026-07-17 14:30:47 +0100,2026-07-17 14:30:47 +0100
21558027,134,Chestnut Mushroom,,"","","","",yes,0.0,0.0,0.0,g,kg,1000.0,Out of Stock,active,0.0,0.0,0.0,GBP,0.0,0.0,"","",2026-07-17 14:30:47 +0100,2026-07-17 14:30:47 +0100
21558012,121,Instant Coffee,,"","","","",yes,0.0,0.0,0.0,g,kg,1000.0,Out of Stock,active,0.0,0.0,0.0,GBP,0.0,0.0,"","",2026-07-17 14:30:47 +0100,2026-07-17 14:30:47 +0100
21558003,113,Swede (Fresh),,"","","","",yes,0.0,0.0,0.0,g,kg,1000.0,Out of Stock,active,0.0,0.0,0.0,GBP,0.0,0.0,"","",2026-07-17 14:30:47 +0100,2026-07-17 14:30:47 +0100
21558000,111a,Caramel Cream (DELECTA),,"","","","",yes,0.0,0.0,0.0,g,kg,1000.0,Out of Stock,active,0.0,0.0,0.0,GBP,0.0,0.0,"","",2026-07-17 14:30:47 +0100,2026-07-17 14:30:47 +0100
21557997,111,Caramel Cream,,"","","","",yes,5500.0,0.0,0.0,g,kg,1000.0,In Stock,active,0.0,0.0,0.0,GBP,5500.0,0.0,"","",2026-07-17 14:30:47 +0100,2026-07-17 14:30:47 +0100
21557961,101,Dark Honey,,"","","","",yes,0.0,0.0,0.0,g,kg,1000.0,Out of Stock,active,0.0,0.0,0.0,GBP,0.0,0.0,"","",2026-07-17 14:30:46 +0100,2026-07-17 14:30:47 +0100
21558816,613,Ginger Puree,,"","","","",yes,4000.0,0.0,4000.0,g,kg,1000.0,In Stock,active,0.00937,0.00937,0.0,GBP,0.0,0.0,"","",2026-07-17 16:11:32 +0100,2026-07-17 16:32:29 +0100
21558432,364,Apricot Jam,,"","","","",yes,12500.0,0.0,12500.0,g,kg,1000.0,In Stock,active,0.0027,0.0027,0.0,GBP,0.0,0.0,S.Hukins,"",2026-07-17 14:30:51 +0100,2026-08-05 12:50:33 +0100
21558609,621,Taco Crumb,,"","","","",yes,2430.0,0.0,1620.0,g,kg,1000.0,In Stock,active,0.00723,0.00723,0.0,GBP,810.0,0.0,"","",2026-07-17 14:30:52 +0100,2026-08-05 12:50:33 +0100
21558471,407,Smoked Cheese (Any),,"","","","",yes,-1245.0,0.0,3695.0,g,kg,1000.0,Out of Stock,active,0.01085,0.01085,0.0,GBP,0.0,0.0,"","",2026-07-17 14:30:51 +0100,2026-07-22 11:36:30 +0100
21558066,213,Cottage Cheese (Tworog),,"","","","",yes,446.0,0.0,4000.0,g,kg,1000.0,In Stock,active,0.00437,0.00437,0.0,GBP,0.0,0.0,"","",2026-07-17 14:30:47 +0100,2026-07-22 11:36:30 +0100
21557838,043,Mozarella Mix 70/30 Pizza Cheese,,"","","","",yes,0.0,0.0,22000.0,g,kg,1000.0,Out of Stock,active,0.00429,0.00429,0.0,GBP,0.0,0.0,"","",2026-07-17 14:30:45 +0100,2026-07-22 11:36:30 +0100
21557724,009,Feta Cheese,,"","","","",yes,0.0,0.0,16200.0,g,kg,1000.0,Out of Stock,active,0.00906,0.00906,0.0,GBP,0.0,0.0,"","",2026-07-17 14:30:44 +0100,2026-07-22 11:36:30 +0100
21558651,640,Ulrick & Short (Clear),,"","","","",yes,13725.0,0.0,0.0,g,kg,1000.0,In Stock,active,0.00741,0.00741,0.0,GBP,14000.0,0.00741,"","",2026-07-17 14:30:52 +0100,2026-07-22 11:36:30 +0100
